Workbook

Sheet 24년 7월
B2: 2024년 7월 세종특별자치시 인구 현황
B4: 작성기준 : 2024. 7. 31. | T4: (단위 : 명, 세대)
B5: 구 분 | Q5: 세 대 수 | S5: 세대당 인 구 | T5: 비 고
C6: 전체인구 (내국인+ 외국인) | D6: 지역별 전체인구 비율 | E6: 내 국 인 | L6: 외국인 | Q6: 세대수 (외국인제외) | R6: 전월대비 증 감
E7: 내국인 계 | F7: 지역별 내국인 비율 | G7: 전월대비 증 감 | H7: 남 | I7: 구성비(남) (%) | J7: 여 | K7: 구성비(여) (%) | L7: 외국인 계 | M7: 지역별 외국인 비율 | N7: 전월대비 증 감 | O7: 외국인 남 | P7: 외국인 여 | V7: 전월인구수 | W7: 전월세대수
B8: 계 | C8: =SUM(C9:C32) -> 394630 | D8: =SUM(D9:D32) -> 1 | E8: 388788 | F8: =SUM(F9:F32) -> 1 | G8: =SUM(G9:G32) -> 848 | H8: 193538 | I8: =SUM(I9:I32) -> 0.49779829 | J8: 195250 | K8: =SUM(K9:K32) -> 0.50220171 | L8: =SUM(O8:P8) -> 5842 | M8: =SUM(M9:M32) -> 1 | N8: =L8-'24년 6월'!L8 -> -11 | O8: =SUM(O9:O32) -> 3576 | P8: =SUM(P9:P32) -> 2266 | Q8: 162554 | R8: =SUM(R9:R32) -> 393 | S8: 2.39 | V8: 386192 | W8: 160562
B9: 조치원읍 | C9: =E9+L9 -> 42154 | D9: =C9/$C$8 -> 0.10681905 | E9: 40498 | F9: =E9/$E$8 -> 0.10416474 | G9: =E9-'24년 6월'!E9 -> -30 | H9: 21036 | I9: =H9/$E$8 -> 0.054106608 | J9: 19462 | K9: =J9/$E$8 -> 0.050058129 | L9: =SUM(O9:P9) -> 1656 | M9: =L9/$L$8 -> 0.28346457 | N9: =L9-'24년 6월'!L9 -> -17 | O9: 857 | P9: 799 | Q9: 20328 | R9: =Q9-'24년 6월'!Q9 -> -14 | S9: 1.99 | V9: 41784 | W9: 20662
B10: 연기면 | C10: =E10+L10 -> 2500 | D10: =C10/$C$8 -> 0.006335048 | E10: 2409 | F10: =E10/$E$8 -> 0.0061961789 | G10: =E10-'24년 6월'!E10 -> -5 | H10: 1384 | I10: =H10/$E$8 -> 0.0035597807 | J10: 1025 | K10: =J10/$E$8 -> 0.0026363982 | L10: =SUM(O10:P10) -> 91 | M10: =L10/$L$8 -> 0.015576857 | N10: =L10-'24년 6월'!L10 -> 4 | O10: 63 | P10: 28 | Q10: 1451 | R10: =Q10-'24년 6월'!Q10 -> -8 | S10: 1.66 | V10: 2567 | W10: 1558
B11: 연동면 | C11: =E11+L11 -> 2978 | D11: =C11/$C$8 -> 0.0075463092 | E11: 2782 | F11: =E11/$E$8 -> 0.0071555706 | G11: =E11-'24년 6월'!E11 -> 3 | H11: 1446 | I11: =H11/$E$8 -> 0.0037192506 | J11: 1336 | K11: =J11/$E$8 -> 0.0034363201 | L11: =SUM(O11:P11) -> 196 | M11: =L11/$L$8 -> 0.033550154 | N11: =L11-'24년 6월'!L11 -> 3 | O11: 158 | P11: 38 | Q11: 1639 | R11: =Q11-'24년 6월'!Q11 -> 1 | S11: 1.7 | V11: 2905 | W11: 1681
B12: 부강면 | C12: =E12+L12 -> 5755 | D12: =C12/$C$8 -> 0.014583281 | E12: 5419 | F12: =E12/$E$8 -> 0.013938187 | G12: =E12-'24년 6월'!E12 -> -27 | H12: 2982 | I12: =H12/$E$8 -> 0.0076699898 | J12: 2437 | K12: =J12/$E$8 -> 0.0062681976 | L12: =SUM(O12:P12) -> 336 | M12: =L12/$L$8 -> 0.05751455 | N12: =L12-'24년 6월'!L12 -> 0 | O12: 280 | P12: 56 | Q12: 3065 | R12: =Q12-'24년 6월'!Q12 -> -9 | S12: 1.77 | V12: 5701 | W12: 3187
B13: 금남면 | C13: =E13+L13 -> 8581 | D13: =C13/$C$8 -> 0.021744419 | E13: 8306 | F13: =E13/$E$8 -> 0.021363828 | G13: =E13-'24년 6월'!E13 -> -22 | H13: 4441 | I13: =H13/$E$8 -> 0.011422678 | J13: 3865 | K13: =J13/$E$8 -> 0.0099411504 | L13: =SUM(O13:P13) -> 275 | M13: =L13/$L$8 -> 0.04707292 | N13: =L13-'24년 6월'!L13 -> -6 | O13: 180 | P13: 95 | Q13: 4729 | R13: =Q13-'24년 6월'!Q13 -> -6 | S13: 1.76 | V13: 8518 | W13: 4795
B14: 장군면 | C14: =E14+L14 -> 7032 | D14: =C14/$C$8 -> 0.017819223 | E14: 6573 | F14: =E14/$E$8 -> 0.016906386 | G14: =E14-'24년 6월'!E14 -> 34 | H14: 3860 | I14: =H14/$E$8 -> 0.00992829 | J14: 2713 | K14: =J14/$E$8 -> 0.006978096 | L14: =SUM(O14:P14) -> 459 | M14: =L14/$L$8 -> 0.078568983 | N14: =L14-'24년 6월'!L14 -> -8 | O14: 328 | P14: 131 | Q14: 4110 | R14: =Q14-'24년 6월'!Q14 -> 23 | S14: 1.6 | V14: 6785 | W14: 4218
B15: 연서면 | C15: =E15+L15 -> 7045 | D15: =C15/$C$8 -> 0.017852165 | E15: 6792 | F15: =E15/$E$8 -> 0.017469675 | G15: =E15-'24년 6월'!E15 -> -34 | H15: 3714 | I15: =H15/$E$8 -> 0.009552764 | J15: 3078 | K15: =J15/$E$8 -> 0.007916911 | L15: =SUM(O15:P15) -> 253 | M15: =L15/$L$8 -> 0.043307087 | N15: =L15-'24년 6월'!L15 -> 12 | O15: 188 | P15: 65 | Q15: 3709 | R15: =Q15-'24년 6월'!Q15 -> 0 | S15: 1.83 | V15: 7041 | W15: 3821
B16: 전의면 | C16: =E16+L16 -> 5694 | D16: =C16/$C$8 -> 0.014428705 | E16: 5156 | F16: =E16/$E$8 -> 0.013261726 | G16: =E16-'24년 6월'!E16 -> -25 | H16: 2736 | I16: =H16/$E$8 -> 0.0070372542 | J16: 2420 | K16: =J16/$E$8 -> 0.0062244719 | L16: =SUM(O16:P16) -> 538 | M16: =L16/$L$8 -> 0.092091749 | N16: =L16-'24년 6월'!L16 -> -2 | O16: 449 | P16: 89 | Q16: 2916 | R16: =Q16-'24년 6월'!Q16 -> -14 | S16: 1.77 | V16: 5397 | W16: 3039
B17: 전동면 | C17: =E17+L17 -> 3421 | D17: =C17/$C$8 -> 0.0086688797 | E17: 3116 | F17: =E17/$E$8 -> 0.0080146507 | G17: =E17-'24년 6월'!E17 -> 9 | H17: 1662 | I17: =H17/$E$8 -> 0.0042748233 | J17: 1454 | K17: =J17/$E$8 -> 0.0037398274 | L17: =SUM(O17:P17) -> 305 | M17: =L17/$L$8 -> 0.052208148 | N17: =L17-'24년 6월'!L17 -> 9 | O17: 261 | P17: 44 | Q17: 1842 | R17: =Q17-'24년 6월'!Q17 -> 6 | S17: 1.69 | V17: 3214 | W17: 1896
B18: 소정면 | C18: =E18+L18 -> 2356 | D18: =C18/$C$8 -> 0.0059701493 | E18: 2079 | F18: =E18/$E$8 -> 0.0053473873 | G18: =E18-'24년 6월'!E18 -> -12 | H18: 1112 | I18: =H18/$E$8 -> 0.0028601706 | J18: 967 | K18: =J18/$E$8 -> 0.0024872167 | L18: =SUM(O18:P18) -> 277 | M18: =L18/$L$8 -> 0.047415269 | N18: =L18-'24년 6월'!L18 -> -3 | O18: 245 | P18: 32 | Q18: 1111 | R18: =Q18-'24년 6월'!Q18 -> -4 | S18: 1.87 | V18: 2187 | W18: 1146
B19: 한솔동1) | C19: =E19+L19 -> 18143 | D19: =C19/$C$8 -> 0.04597471 | E19: 18087 | F19: =E19/$E$8 -> 0.046521498 | G19: =E19-'24년 6월'!E19 -> -16 | H19: 8922 | I19: =H19/$E$8 -> 0.022948239 | J19: 9165 | K19: =J19/$E$8 -> 0.023573258 | L19: =SUM(O19:P19) -> 56 | M19: =L19/$L$8 -> 0.0095857583 | N19: =L19-'24년 6월'!L19 -> -3 | O19: 22 | P19: 34 | Q19: 6324 | R19: =Q19-'24년 6월'!Q19 -> -9 | S19: 2.86 | V19: 18422 | W19: 6404
B20: 새롬동 | C20: =E20+L20 -> 26479 | D20: =C20/$C$8 -> 0.067098295 | E20: 26412 | F20: =E20/$E$8 -> 0.067934195 | G20: =E20-'24년 6월'!E20 -> -58 | H20: 12760 | I20: =H20/$E$8 -> 0.032819943 | J20: 13652 | K20: =J20/$E$8 -> 0.035114252 | L20: =SUM(O20:P20) -> 67 | M20: =L20/$L$8 -> 0.011468675 | N20: =L20-'24년 6월'!L20 -> -2 | O20: 21 | P20: 46 | Q20: 9670 | R20: =Q20-'24년 6월'!Q20 -> -18 | S20: 2.73 | V20: 26600 | W20: 9752
... B32: 다정동 | C32: =E32+L32 -> 28312 | D32: =C32/$C$8 -> 0.071743152 | E32: 28232 | F32: =E32/$E$8 -> 0.07261541 | G32: =E32-'24년 6월'!E32 -> -79 | H32: 13550 | I32: =H32/$E$8 -> 0.034851899 | J32: 14682 | K32: =J32/$E$8 -> 0.037763511 | L32: =SUM(O32:P32) -> 80 | M32: =L32/$L$8 -> 0.01369394 | N32: =L32-'24년 6월'!L32 -> 3 | O32: 28 | P32: 52 | Q32: 10760 | R32: =Q32-'24년 6월'!Q32 -> -21 | S32: 2.62 | V32: 28539 | W32: 10819
B34: 1) 가람동 포함 2) 세종동 포함 3) 산울동, 한별동 포함 4) 집현동, 다솜동, 합강동 포함

Sheet 24년 6월
B2: 2024년 6월 세종특별자치시 인구 현황
B4: 작성기준 : 2024. 6. 30. | T4: (단위 : 명, 세대)
B5: 구 분 | Q5: 세 대 수 | S5: 세대당 인 구 | T5: 비 고
C6: 전체인구 (내국인+ 외국인) | D6: 지역별 전체인구 비율 | E6: 내 국 인 | L6: 외국인 | Q6: 세대수 (외국인제외) | R6: 전월대비 증 감
E7: 내국인 계 | F7: 지역별 내국인 비율 | G7: 전월대비 증 감 | H7: 남 | I7: 구성비(남) (%) | J7: 여 | K7: 구성비(여) (%) | L7: 외국인 계 | M7: 지역별 외국인 비율 | N7: 전월대비 증 감 | O7: 외국인 남 | P7: 외국인 여 | V7: 전월인구수 | W7: 전월세대수
B8: 계 | C8: =SUM(C9:C32) -> 393793 | D8: =SUM(D9:D32) -> 1 | E8: 387940 | F8: =SUM(F9:F32) -> 1 | G8: =SUM(G9:G32) -> 166 | H8: 193149 | I8: =SUM(I9:I32) -> 0.49788369 | J8: 194791 | K8: =SUM(K9:K32) -> 0.50211631 | L8: =SUM(O8:P8) -> 5853 | M8: =SUM(M9:M32) -> 1 | N8: =L8-'24년 5월'!L8 -> 32 | O8: =SUM(O9:O32) -> 3576 | P8: =SUM(P9:P32) -> 2277 | Q8: 162161 | R8: =SUM(R9:R32) -> 98 | S8: 2.39 | V8: 386192 | W8: 160562
B9: 조치원읍 | C9: =E9+L9 -> 42201 | D9: =C9/$C$8 -> 0.10716544 | E9: 40528 | F9: =E9/$E$8 -> 0.10446976 | G9: =E9-'24년 5월'!E9 -> -49 | H9: 21054 | I9: =H9/$E$8 -> 0.054271279 | J9: 19474 | K9: =J9/$E$8 -> 0.050198484 | L9: =SUM(O9:P9) -> 1673 | M9: =L9/$L$8 -> 0.28583632 | N9: =L9-'24년 5월'!L9 -> -22 | O9: 866 | P9: 807 | Q9: 20342 | R9: =Q9-'24년 5월'!Q9 -> -19 | S9: 1.99 | V9: 41784 | W9: 20662
B10: 연기면 | C10: =E10+L10 -> 2501 | D10: =C10/$C$8 -> 0.0063510525 | E10: 2414 | F10: =E10/$E$8 -> 0.0062226117 | G10: =E10-'24년 5월'!E10 -> 10 | H10: 1383 | I10: =H10/$E$8 -> 0.0035649843 | J10: 1031 | K10: =J10/$E$8 -> 0.0026576275 | L10: =SUM(O10:P10) -> 87 | M10: =L10/$L$8 -> 0.014864172 | N10: =L10-'24년 5월'!L10 -> -2 | O10: 58 | P10: 29 | Q10: 1459 | R10: =Q10-'24년 5월'!Q10 -> 2 | S10: 1.65 | V10: 2567 | W10: 1558
B11: 연동면 | C11: =E11+L11 -> 2972 | D11: =C11/$C$8 -> 0.0075471123 | E11: 2779 | F11: =E11/$E$8 -> 0.0071634789 | G11: =E11-'24년 5월'!E11 -> 6 | H11: 1452 | I11: =H11/$E$8 -> 0.0037428468 | J11: 1327 | K11: =J11/$E$8 -> 0.0034206321 | L11: =SUM(O11:P11) -> 193 | M11: =L11/$L$8 -> 0.032974543 | N11: =L11-'24년 5월'!L11 -> 1 | O11: 156 | P11: 37 | Q11: 1638 | R11: =Q11-'24년 5월'!Q11 -> 2 | S11: 1.7 | V11: 2905 | W11: 1681
B12: 부강면 | C12: =E12+L12 -> 5782 | D12: =C12/$C$8 -> 0.014682841 | E12: 5446 | F12: =E12/$E$8 -> 0.014038253 | G12: =E12-'24년 5월'!E12 -> -1 | H12: 2998 | I12: =H12/$E$8 -> 0.0077279992 | J12: 2448 | K12: =J12/$E$8 -> 0.0063102542 | L12: =SUM(O12:P12) -> 336 | M12: =L12/$L$8 -> 0.057406458 | N12: =L12-'24년 5월'!L12 -> 9 | O12: 278 | P12: 58 | Q12: 3074 | R12: =Q12-'24년 5월'!Q12 -> 6 | S12: 1.77 | V12: 5701 | W12: 3187
B13: 금남면 | C13: =E13+L13 -> 8609 | D13: =C13/$C$8 -> 0.02186174 | E13: 8328 | F13: =E13/$E$8 -> 0.021467237 | G13: =E13-'24년 5월'!E13 -> -3 | H13: 4446 | I13: =H13/$E$8 -> 0.011460535 | J13: 3882 | K13: =J13/$E$8 -> 0.010006702 | L13: =SUM(O13:P13) -> 281 | M13: =L13/$L$8 -> 0.048009568 | N13: =L13-'24년 5월'!L13 -> 4 | O13: 184 | P13: 97 | Q13: 4735 | R13: =Q13-'24년 5월'!Q13 -> -7 | S13: 1.76 | V13: 8518 | W13: 4795
B14: 장군면 | C14: =E14+L14 -> 7006 | D14: =C14/$C$8 -> 0.017791073 | E14: 6539 | F14: =E14/$E$8 -> 0.016855699 | G14: =E14-'24년 5월'!E14 -> -7 | H14: 3843 | I14: =H14/$E$8 -> 0.0099061711 | J14: 2696 | K14: =J14/$E$8 -> 0.0069495283 | L14: =SUM(O14:P14) -> 467 | M14: =L14/$L$8 -> 0.079788143 | N14: =L14-'24년 5월'!L14 -> 15 | O14: 335 | P14: 132 | Q14: 4087 | R14: =Q14-'24년 5월'!Q14 -> -10 | S14: 1.6 | V14: 6785 | W14: 4218
B15: 연서면 | C15: =E15+L15 -> 7067 | D15: =C15/$C$8 -> 0.017945977 | E15: 6826 | F15: =E15/$E$8 -> 0.017595504 | G15: =E15-'24년 5월'!E15 -> -7 | H15: 3722 | I15: =H15/$E$8 -> 0.0095942672 | J15: 3104 | K15: =J15/$E$8 -> 0.0080012373 | L15: =SUM(O15:P15) -> 241 | M15: =L15/$L$8 -> 0.041175466 | N15: =L15-'24년 5월'!L15 -> 9 | O15: 179 | P15: 62 | Q15: 3709 | R15: =Q15-'24년 5월'!Q15 -> -7 | S15: 1.84 | V15: 7041 | W15: 3821
B16: 전의면 | C16: =E16+L16 -> 5721 | D16: =C16/$C$8 -> 0.014527937 | E16: 5181 | F16: =E16/$E$8 -> 0.013355158 | G16: =E16-'24년 5월'!E16 -> -14 | H16: 2745 | I16: =H16/$E$8 -> 0.0070758365 | J16: 2436 | K16: =J16/$E$8 -> 0.0062793215 | L16: =SUM(O16:P16) -> 540 | M16: =L16/$L$8 -> 0.092260379 | N16: =L16-'24년 5월'!L16 -> 2 | O16: 452 | P16: 88 | Q16: 2930 | R16: =Q16-'24년 5월'!Q16 -> -5 | S16: 1.77 | V16: 5397 | W16: 3039
B17: 전동면 | C17: =E17+L17 -> 3403 | D17: =C17/$C$8 -> 0.008641596 | E17: 3107 | F17: =E17/$E$8 -> 0.0080089705 | G17: =E17-'24년 5월'!E17 -> -11 | H17: 1658 | I17: =H17/$E$8 -> 0.0042738568 | J17: 1449 | K17: =J17/$E$8 -> 0.0037351137 | L17: =SUM(O17:P17) -> 296 | M17: =L17/$L$8 -> 0.050572356 | N17: =L17-'24년 5월'!L17 -> 7 | O17: 255 | P17: 41 | Q17: 1836 | R17: =Q17-'24년 5월'!Q17 -> -8 | S17: 1.69 | V17: 3214 | W17: 1896
B18: 소정면 | C18: =E18+L18 -> 2371 | D18: =C18/$C$8 -> 0.0060209298 | E18: 2091 | F18: =E18/$E$8 -> 0.0053900088 | G18: =E18-'24년 5월'!E18 -> 4 | H18: 1122 | I18: =H18/$E$8 -> 0.0028921998 | J18: 969 | K18: =J18/$E$8 -> 0.0024978089 | L18: =SUM(O18:P18) -> 280 | M18: =L18/$L$8 -> 0.047838715 | N18: =L18-'24년 5월'!L18 -> -2 | O18: 248 | P18: 32 | Q18: 1115 | R18: =Q18-'24년 5월'!Q18 -> 6 | S18: 1.88 | V18: 2187 | W18: 1146
B19: 한솔동1) | C19: =E19+L19 -> 18162 | D19: =C19/$C$8 -> 0.046120678 | E19: 18103 | F19: =E19/$E$8 -> 0.046664433 | G19: =E19-'24년 5월'!E19 -> -31 | H19: 8939 | I19: =H19/$E$8 -> 0.023042223 | J19: 9164 | K19: =J19/$E$8 -> 0.02362221 | L19: =SUM(O19:P19) -> 59 | M19: =L19/$L$8 -> 0.010080301 | N19: =L19-'24년 5월'!L19 -> 0 | O19: 23 | P19: 36 | Q19: 6333 | R19: =Q19-'24년 5월'!Q19 -> -2 | S19: 2.86 | V19: 18422 | W19: 6404
B20: 새롬동 | C20: =E20+L20 -> 26539 | D20: =C20/$C$8 -> 0.067393275 | E20: 26470 | F20: =E20/$E$8 -> 0.068232201 | G20: =E20-'24년 5월'!E20 -> 19 | H20: 12793 | I20: =H20/$E$8 -> 0.032976749 | J20: 13677 | K20: =J20/$E$8 -> 0.035255452 | L20: =SUM(O20:P20) -> 69 | M20: =L20/$L$8 -> 0.011788826 | N20: =L20-'24년 5월'!L20 -> 1 | O20: 21 | P20: 48 | Q20: 9688 | R20: =Q20-'24년 5월'!Q20 -> 4 | S20: 2.73 | V20: 26600 | W20: 9752
... B32: 다정동 | C32: =E32+L32 -> 28388 | D32: =C32/$C$8 -> 0.072088635 | E32: 28311 | F32: =E32/$E$8 -> 0.07297778 | G32: =E32-'24년 5월'!E32 -> -23 | H32: 13581 | I32: =H32/$E$8 -> 0.035007991 | J32: 14730 | K32: =J32/$E$8 -> 0.037969789 | L32: =SUM(O32:P32) -> 77 | M32: =L32/$L$8 -> 0.013155647 | N32: =L32-'24년 5월'!L32 -> -2 | O32: 27 | P32: 50 | Q32: 10781 | R32: =Q32-'24년 5월'!Q32 -> -13 | S32: 2.63 | V32: 28539 | W32: 10819
B34: 1) 가람동 포함 2) 세종동 포함 3) 산울동, 한별동 포함 4) 집현동, 다솜동, 합강동 포함

Sheet 24년 5월
B2: 2024년 5월 세종특별자치시 인구 현황
B4: 작성기준 : 2024. 5. 31. | T4: (단위 : 명, 세대)
B5: 구 분 | Q5: 세 대 수 | S5: 세대당 인 구 | T5: 비 고
C6: 전체인구 (내국인+ 외국인) | D6: 지역별 전체인구 비율 | E6: 내 국 인 | L6: 외국인 | Q6: 세대수 (외국인제외) | R6: 전월대비 증 감
E7: 내국인 계 | F7: 지역별 내국인 비율 | G7: 전월대비 증 감 | H7: 남 | I7: 구성비(남) (%) | J7: 여 | K7: 구성비(여) (%) | L7: 외국인 계 | M7: 지역별 외국인 비율 | N7: 전월대비 증 감 | O7: 외국인 남 | P7: 외국인 여 | V7: 전월인구수 | W7: 전월세대수
B8: 계 | C8: =SUM(C9:C32) -> 393595 | D8: =SUM(D9:D32) -> 1 | E8: 387774 | F8: =SUM(F9:F32) -> 1 | G8: =SUM(G9:G32) -> 48 | H8: 193044 | I8: =SUM(I9:I32) -> 0.49782605 | J8: 194730 | K8: =SUM(K9:K32) -> 0.50217395 | L8: =SUM(O8:P8) -> 5821 | M8: =SUM(M9:M32) -> 1 | N8: =L8-'24년 4월'!L8 -> -19 | O8: =SUM(O9:O32) -> 3540 | P8: =SUM(P9:P32) -> 2281 | Q8: 162063 | R8: =SUM(R9:R32) -> 88 | S8: 2.39 | V8: 386192 | W8: 160562
B9: 조치원읍 | C9: =E9+L9 -> 42272 | D9: =C9/$C$8 -> 0.10739974 | E9: 40577 | F9: =E9/$E$8 -> 0.10464085 | G9: =E9-'24년 4월'!E9 -> -152 | H9: 21080 | I9: =H9/$E$8 -> 0.054361561 | J9: 19497 | K9: =J9/$E$8 -> 0.050279286 | L9: =SUM(O9:P9) -> 1695 | M9: =L9/$L$8 -> 0.29118708 | N9: =L9-'24년 4월'!L9 -> -33 | O9: 880 | P9: 815 | Q9: 20361 | R9: =Q9-'24년 4월'!Q9 -> -40 | S9: 1.99 | V9: 41784 | W9: 20662
B10: 연기면 | C10: =E10+L10 -> 2493 | D10: =C10/$C$8 -> 0.0063339219 | E10: 2404 | F10: =E10/$E$8 -> 0.0061994873 | G10: =E10-'24년 4월'!E10 -> -18 | H10: 1377 | I10: =H10/$E$8 -> 0.0035510375 | J10: 1027 | K10: =J10/$E$8 -> 0.0026484499 | L10: =SUM(O10:P10) -> 89 | M10: =L10/$L$8 -> 0.015289469 | N10: =L10-'24년 4월'!L10 -> 3 | O10: 58 | P10: 31 | Q10: 1457 | R10: =Q10-'24년 4월'!Q10 -> -15 | S10: 1.65 | V10: 2567 | W10: 1558
B11: 연동면 | C11: =E11+L11 -> 2965 | D11: =C11/$C$8 -> 0.0075331242 | E11: 2773 | F11: =E11/$E$8 -> 0.0071510725 | G11: =E11-'24년 4월'!E11 -> -20 | H11: 1454 | I11: =H11/$E$8 -> 0.0037496067 | J11: 1319 | K11: =J11/$E$8 -> 0.0034014658 | L11: =SUM(O11:P11) -> 192 | M11: =L11/$L$8 -> 0.032984023 | N11: =L11-'24년 4월'!L11 -> 0 | O11: 155 | P11: 37 | Q11: 1636 | R11: =Q11-'24년 4월'!Q11 -> -4 | S11: 1.69 | V11: 2905 | W11: 1681
B12: 부강면 | C12: =E12+L12 -> 5774 | D12: =C12/$C$8 -> 0.014669902 | E12: 5447 | F12: =E12/$E$8 -> 0.014046842 | G12: =E12-'24년 4월'!E12 -> -25 | H12: 2993 | I12: =H12/$E$8 -> 0.0077184133 | J12: 2454 | K12: =J12/$E$8 -> 0.0063284284 | L12: =SUM(O12:P12) -> 327 | M12: =L12/$L$8 -> 0.056175915 | N12: =L12-'24년 4월'!L12 -> 8 | O12: 267 | P12: 60 | Q12: 3068 | R12: =Q12-'24년 4월'!Q12 -> -11 | S12: 1.78 | V12: 5701 | W12: 3187
B13: 금남면 | C13: =E13+L13 -> 8608 | D13: =C13/$C$8 -> 0.021870197 | E13: 8331 | F13: =E13/$E$8 -> 0.021484163 | G13: =E13-'24년 4월'!E13 -> -12 | H13: 4449 | I13: =H13/$E$8 -> 0.011473178 | J13: 3882 | K13: =J13/$E$8 -> 0.010010986 | L13: =SUM(O13:P13) -> 277 | M13: =L13/$L$8 -> 0.047586325 | N13: =L13-'24년 4월'!L13 -> -7 | O13: 185 | P13: 92 | Q13: 4742 | R13: =Q13-'24년 4월'!Q13 -> -8 | S13: 1.76 | V13: 8518 | W13: 4795
B14: 장군면 | C14: =E14+L14 -> 6998 | D14: =C14/$C$8 -> 0.017779697 | E14: 6546 | F14: =E14/$E$8 -> 0.016880967 | G14: =E14-'24년 4월'!E14 -> 14 | H14: 3845 | I14: =H14/$E$8 -> 0.0099155694 | J14: 2701 | K14: =J14/$E$8 -> 0.0069653974 | L14: =SUM(O14:P14) -> 452 | M14: =L14/$L$8 -> 0.077649888 | N14: =L14-'24년 4월'!L14 -> 4 | O14: 324 | P14: 128 | Q14: 4097 | R14: =Q14-'24년 4월'!Q14 -> 2 | S14: 1.6 | V14: 6785 | W14: 4218
B15: 연서면 | C15: =E15+L15 -> 7065 | D15: =C15/$C$8 -> 0.017949923 | E15: 6833 | F15: =E15/$E$8 -> 0.017621089 | G15: =E15-'24년 4월'!E15 -> -10 | H15: 3733 | I15: =H15/$E$8 -> 0.0096267413 | J15: 3100 | K15: =J15/$E$8 -> 0.0079943472 | L15: =SUM(O15:P15) -> 232 | M15: =L15/$L$8 -> 0.039855695 | N15: =L15-'24년 4월'!L15 -> -3 | O15: 172 | P15: 60 | Q15: 3716 | R15: =Q15-'24년 4월'!Q15 -> -5 | S15: 1.84 | V15: 7041 | W15: 3821
B16: 전의면 | C16: =E16+L16 -> 5733 | D16: =C16/$C$8 -> 0.014565734 | E16: 5195 | F16: =E16/$E$8 -> 0.013396979 | G16: =E16-'24년 4월'!E16 -> -12 | H16: 2749 | I16: =H16/$E$8 -> 0.0070891808 | J16: 2446 | K16: =J16/$E$8 -> 0.0063077978 | L16: =SUM(O16:P16) -> 538 | M16: =L16/$L$8 -> 0.092423982 | N16: =L16-'24년 4월'!L16 -> 5 | O16: 451 | P16: 87 | Q16: 2935 | R16: =Q16-'24년 4월'!Q16 -> -5 | S16: 1.77 | V16: 5397 | W16: 3039
B17: 전동면 | C17: =E17+L17 -> 3407 | D17: =C17/$C$8 -> 0.0086561059 | E17: 3118 | F17: =E17/$E$8 -> 0.008040766 | G17: =E17-'24년 4월'!E17 -> 3 | H17: 1662 | I17: =H17/$E$8 -> 0.0042860016 | J17: 1456 | K17: =J17/$E$8 -> 0.0037547644 | L17: =SUM(O17:P17) -> 289 | M17: =L17/$L$8 -> 0.049647827 | N17: =L17-'24년 4월'!L17 -> 14 | O17: 246 | P17: 43 | Q17: 1844 | R17: =Q17-'24년 4월'!Q17 -> 0 | S17: 1.69 | V17: 3214 | W17: 1896
B18: 소정면 | C18: =E18+L18 -> 2369 | D18: =C18/$C$8 -> 0.0060188773 | E18: 2087 | F18: =E18/$E$8 -> 0.0053820009 | G18: =E18-'24년 4월'!E18 -> -2 | H18: 1118 | I18: =H18/$E$8 -> 0.0028831226 | J18: 969 | K18: =J18/$E$8 -> 0.0024988782 | L18: =SUM(O18:P18) -> 282 | M18: =L18/$L$8 -> 0.048445284 | N18: =L18-'24년 4월'!L18 -> -6 | O18: 250 | P18: 32 | Q18: 1109 | R18: =Q18-'24년 4월'!Q18 -> -1 | S18: 1.88 | V18: 2187 | W18: 1146
B19: 한솔동1) | C19: =E19+L19 -> 18193 | D19: =C19/$C$8 -> 0.04622264 | E19: 18134 | F19: =E19/$E$8 -> 0.046764352 | G19: =E19-'24년 4월'!E19 -> -53 | H19: 8951 | I19: =H19/$E$8 -> 0.023083033 | J19: 9183 | K19: =J19/$E$8 -> 0.02368132 | L19: =SUM(O19:P19) -> 59 | M19: =L19/$L$8 -> 0.010135716 | N19: =L19-'24년 4월'!L19 -> 1 | O19: 23 | P19: 36 | Q19: 6335 | R19: =Q19-'24년 4월'!Q19 -> -10 | S19: 2.86 | V19: 18422 | W19: 6404
B20: 새롬동 | C20: =E20+L20 -> 26519 | D20: =C20/$C$8 -> 0.067376364 | E20: 26451 | F20: =E20/$E$8 -> 0.068212412 | G20: =E20-'24년 4월'!E20 -> -47 | H20: 12801 | I20: =H20/$E$8 -> 0.033011496 | J20: 13650 | K20: =J20/$E$8 -> 0.035200916 | L20: =SUM(O20:P20) -> 68 | M20: =L20/$L$8 -> 0.011681842 | N20: =L20-'24년 4월'!L20 -> -2 | O20: 20 | P20: 48 | Q20: 9684 | R20: =Q20-'24년 4월'!Q20 -> -18 | S20: 2.73 | V20: 26600 | W20: 9752
... B32: 다정동 | C32: =E32+L32 -> 28413 | D32: =C32/$C$8 -> 0.072188417 | E32: 28334 | F32: =E32/$E$8 -> 0.073068334 | G32: =E32-'24년 4월'!E32 -> -24 | H32: 13599 | I32: =H32/$E$8 -> 0.035069396 | J32: 14735 | K32: =J32/$E$8 -> 0.037998938 | L32: =SUM(O32:P32) -> 79 | M32: =L32/$L$8 -> 0.013571551 | N32: =L32-'24년 4월'!L32 -> 0 | O32: 28 | P32: 51 | Q32: 10794 | R32: =Q32-'24년 4월'!Q32 -> -5 | S32: 2.62 | V32: 28539 | W32: 10819
B34: 1) 가람동 포함 2) 세종동 포함 3) 산울동, 한별동 포함 4) 집현동, 다솜동, 합강동 포함

Sheet 24년 4월
B2: 2024년 4월 세종특별자치시 인구 현황
B4: 작성기준 : 2024. 4. 30. | T4: (단위 : 명, 세대)
B5: 구 분 | Q5: 세 대 수 | S5: 세대당 인 구 | T5: 비 고
C6: 전체인구 (내국인+ 외국인) | D6: 지역별 전체인구 비율 | E6: 내 국 인 | L6: 외국인 | Q6: 세대수 (외국인제외) | R6: 전월대비 증 감
E7: 내국인 계 | F7: 지역별 내국인 비율 | G7: 전월대비 증 감 | H7: 남 | I7: 구성비(남) (%) | J7: 여 | K7: 구성비(여) (%) | L7: 외국인 계 | M7: 지역별 외국인 비율 | N7: 전월대비 증 감 | O7: 외국인 남 | P7: 외국인 여 | V7: 전월인구수 | W7: 전월세대수
B8: 계 | C8: =SUM(C9:C32) -> 393566 | D8: =SUM(D9:D32) -> 1 | E8: 387726 | F8: =SUM(F9:F32) -> 1 | G8: =SUM(G9:G32) -> 315 | H8: 193099 | I8: =SUM(I9:I32) -> 0.49802954 | J8: 194627 | K8: =SUM(K9:K32) -> 0.50197046 | L8: =SUM(O8:P8) -> 5840 | M8: =SUM(M9:M32) -> 1 | N8: =L8-'24년 3월'!L8 -> -3 | O8: =SUM(O9:O32) -> 3554 | P8: =SUM(P9:P32) -> 2286 | Q8: 161975 | R8: =SUM(R9:R32) -> 264 | S8: 2.39 | V8: 386192 | W8: 160562
B9: 조치원읍 | C9: =E9+L9 -> 42457 | D9: =C9/$C$8 -> 0.10787771 | E9: 40729 | F9: =E9/$E$8 -> 0.10504583 | G9: =E9-'24년 3월'!E9 -> -106 | H9: 21162 | I9: =H9/$E$8 -> 0.054579781 | J9: 19567 | K9: =J9/$E$8 -> 0.050466051 | L9: =SUM(O9:P9) -> 1728 | M9: =L9/$L$8 -> 0.29589041 | N9: =L9-'24년 3월'!L9 -> -42 | O9: 899 | P9: 829 | Q9: 20401 | R9: =Q9-'24년 3월'!Q9 -> -3 | S9: 2 | V9: 41784 | W9: 20662
B10: 연기면 | C10: =E10+L10 -> 2508 | D10: =C10/$C$8 -> 0.0063725017 | E10: 2422 | F10: =E10/$E$8 -> 0.0062466794 | G10: =E10-'24년 3월'!E10 -> -30 | H10: 1391 | I10: =H10/$E$8 -> 0.003587585 | J10: 1031 | K10: =J10/$E$8 -> 0.0026590943 | L10: =SUM(O10:P10) -> 86 | M10: =L10/$L$8 -> 0.014726027 | N10: =L10-'24년 3월'!L10 -> 5 | O10: 56 | P10: 30 | Q10: 1472 | R10: =Q10-'24년 3월'!Q10 -> -16 | S10: 1.65 | V10: 2567 | W10: 1558
B11: 연동면 | C11: =E11+L11 -> 2985 | D11: =C11/$C$8 -> 0.0075844966 | E11: 2793 | F11: =E11/$E$8 -> 0.0072035406 | G11: =E11-'24년 3월'!E11 -> -8 | H11: 1466 | I11: =H11/$E$8 -> 0.0037810206 | J11: 1327 | K11: =J11/$E$8 -> 0.00342252 | L11: =SUM(O11:P11) -> 192 | M11: =L11/$L$8 -> 0.032876712 | N11: =L11-'24년 3월'!L11 -> -2 | O11: 156 | P11: 36 | Q11: 1640 | R11: =Q11-'24년 3월'!Q11 -> 3 | S11: 1.7 | V11: 2905 | W11: 1681
B12: 부강면 | C12: =E12+L12 -> 5791 | D12: =C12/$C$8 -> 0.014714178 | E12: 5472 | F12: =E12/$E$8 -> 0.014113059 | G12: =E12-'24년 3월'!E12 -> -40 | H12: 3020 | I12: =H12/$E$8 -> 0.0077890056 | J12: 2452 | K12: =J12/$E$8 -> 0.0063240536 | L12: =SUM(O12:P12) -> 319 | M12: =L12/$L$8 -> 0.054623288 | N12: =L12-'24년 3월'!L12 -> 7 | O12: 264 | P12: 55 | Q12: 3079 | R12: =Q12-'24년 3월'!Q12 -> -18 | S12: 1.78 | V12: 5701 | W12: 3187
B13: 금남면 | C13: =E13+L13 -> 8627 | D13: =C13/$C$8 -> 0.021920085 | E13: 8343 | F13: =E13/$E$8 -> 0.021517773 | G13: =E13-'24년 3월'!E13 -> -24 | H13: 4462 | I13: =H13/$E$8 -> 0.011508127 | J13: 3881 | K13: =J13/$E$8 -> 0.010009646 | L13: =SUM(O13:P13) -> 284 | M13: =L13/$L$8 -> 0.048630137 | N13: =L13-'24년 3월'!L13 -> 3 | O13: 188 | P13: 96 | Q13: 4750 | R13: =Q13-'24년 3월'!Q13 -> -17 | S13: 1.76 | V13: 8518 | W13: 4795
B14: 장군면 | C14: =E14+L14 -> 6980 | D14: =C14/$C$8 -> 0.017735272 | E14: 6532 | F14: =E14/$E$8 -> 0.016846949 | G14: =E14-'24년 3월'!E14 -> -40 | H14: 3840 | I14: =H14/$E$8 -> 0.0099039012 | J14: 2692 | K14: =J14/$E$8 -> 0.0069430474 | L14: =SUM(O14:P14) -> 448 | M14: =L14/$L$8 -> 0.076712329 | N14: =L14-'24년 3월'!L14 -> 5 | O14: 322 | P14: 126 | Q14: 4095 | R14: =Q14-'24년 3월'!Q14 -> -19 | S14: 1.6 | V14: 6785 | W14: 4218
B15: 연서면 | C15: =E15+L15 -> 7078 | D15: =C15/$C$8 -> 0.017984277 | E15: 6843 | F15: =E15/$E$8 -> 0.017649061 | G15: =E15-'24년 3월'!E15 -> -3 | H15: 3731 | I15: =H15/$E$8 -> 0.0096227748 | J15: 3112 | K15: =J15/$E$8 -> 0.0080262866 | L15: =SUM(O15:P15) -> 235 | M15: =L15/$L$8 -> 0.040239726 | N15: =L15-'24년 3월'!L15 -> 3 | O15: 178 | P15: 57 | Q15: 3721 | R15: =Q15-'24년 3월'!Q15 -> 10 | S15: 1.84 | V15: 7041 | W15: 3821
B16: 전의면 | C16: =E16+L16 -> 5740 | D16: =C16/$C$8 -> 0.014584593 | E16: 5207 | F16: =E16/$E$8 -> 0.013429587 | G16: =E16-'24년 3월'!E16 -> -23 | H16: 2755 | I16: =H16/$E$8 -> 0.0071055333 | J16: 2452 | K16: =J16/$E$8 -> 0.0063240536 | L16: =SUM(O16:P16) -> 533 | M16: =L16/$L$8 -> 0.091267123 | N16: =L16-'24년 3월'!L16 -> 13 | O16: 447 | P16: 86 | Q16: 2940 | R16: =Q16-'24년 3월'!Q16 -> -12 | S16: 1.77 | V16: 5397 | W16: 3039
B17: 전동면 | C17: =E17+L17 -> 3390 | D17: =C17/$C$8 -> 0.0086135489 | E17: 3115 | F17: =E17/$E$8 -> 0.008034024 | G17: =E17-'24년 3월'!E17 -> -3 | H17: 1661 | I17: =H17/$E$8 -> 0.0042839531 | J17: 1454 | K17: =J17/$E$8 -> 0.0037500709 | L17: =SUM(O17:P17) -> 275 | M17: =L17/$L$8 -> 0.047089041 | N17: =L17-'24년 3월'!L17 -> -5 | O17: 236 | P17: 39 | Q17: 1844 | R17: =Q17-'24년 3월'!Q17 -> -7 | S17: 1.69 | V17: 3214 | W17: 1896
B18: 소정면 | C18: =E18+L18 -> 2377 | D18: =C18/$C$8 -> 0.0060396477 | E18: 2089 | F18: =E18/$E$8 -> 0.0053878254 | G18: =E18-'24년 3월'!E18 -> -6 | H18: 1122 | I18: =H18/$E$8 -> 0.0028937961 | J18: 967 | K18: =J18/$E$8 -> 0.0024940293 | L18: =SUM(O18:P18) -> 288 | M18: =L18/$L$8 -> 0.049315068 | N18: =L18-'24년 3월'!L18 -> -7 | O18: 255 | P18: 33 | Q18: 1110 | R18: =Q18-'24년 3월'!Q18 -> -6 | S18: 1.88 | V18: 2187 | W18: 1146
B19: 한솔동1) | C19: =E19+L19 -> 18245 | D19: =C19/$C$8 -> 0.046358171 | E19: 18187 | F19: =E19/$E$8 -> 0.046906836 | G19: =E19-'24년 3월'!E19 -> 2 | H19: 8980 | I19: =H19/$E$8 -> 0.023160686 | J19: 9207 | K19: =J19/$E$8 -> 0.023746151 | L19: =SUM(O19:P19) -> 58 | M19: =L19/$L$8 -> 0.0099315068 | N19: =L19-'24년 3월'!L19 -> 1 | O19: 23 | P19: 35 | Q19: 6345 | R19: =Q19-'24년 3월'!Q19 -> 8 | S19: 2.87 | V19: 18422 | W19: 6404
B20: 새롬동 | C20: =E20+L20 -> 26568 | D20: =C20/$C$8 -> 0.067505831 | E20: 26498 | F20: =E20/$E$8 -> 0.068342077 | G20: =E20-'24년 3월'!E20 -> -55 | H20: 12808 | I20: =H20/$E$8 -> 0.033033637 | J20: 13690 | K20: =J20/$E$8 -> 0.035308439 | L20: =SUM(O20:P20) -> 70 | M20: =L20/$L$8 -> 0.011986301 | N20: =L20-'24년 3월'!L20 -> 0 | O20: 21 | P20: 49 | Q20: 9702 | R20: =Q20-'24년 3월'!Q20 -> -19 | S20: 2.73 | V20: 26600 | W20: 9752
... B32: 다정동 | C32: =E32+L32 -> 28437 | D32: =C32/$C$8 -> 0.072254717 | E32: 28358 | F32: =E32/$E$8 -> 0.073139279 | G32: =E32-'24년 3월'!E32 -> -70 | H32: 13628 | I32: =H32/$E$8 -> 0.035148533 | J32: 14730 | K32: =J32/$E$8 -> 0.037990746 | L32: =SUM(O32:P32) -> 79 | M32: =L32/$L$8 -> 0.013527397 | N32: =L32-'24년 3월'!L32 -> -2 | O32: 27 | P32: 52 | Q32: 10799 | R32: =Q32-'24년 3월'!Q32 -> -12 | S32: 2.63 | V32: 28539 | W32: 10819
B34: 1) 가람동 포함 2) 산울동 포함 3) 집현동, 합강동 포함

Sheet 24년 3월
B2: 2024년 3월 세종특별자치시 인구 현황
B4: 작성기준 : 2024. 3. 31. | T4: (단위 : 명, 세대)
B5: 구 분 | Q5: 세 대 수 | S5: 세대당 인 구 | T5: 비 고
C6: 전체인구 (내국인+ 외국인) | D6: 지역별 전체인구 비율 | E6: 내 국 인 | L6: 외국인 | Q6: 세대수 (외국인제외) | R6: 전월대비 증 감
E7: 내국인 계 | F7: 지역별 내국인 비율 | G7: 전월대비 증 감 | H7: 남 | I7: 구성비(남) (%) | J7: 여 | K7: 구성비(여) (%) | L7: 외국인 계 | M7: 지역별 외국인 비율 | N7: 전월대비 증 감 | O7: 외국인 남 | P7: 외국인 여 | V7: 전월인구수 | W7: 전월세대수
B8: 계 | C8: =SUM(C9:C32) -> 393254 | D8: =SUM(D9:D32) -> 1 | E8: 387411 | F8: =SUM(F9:F32) -> 1 | G8: =SUM(G9:G32) -> 218 | H8: 192907 | I8: =SUM(I9:I32) -> 0.49793888 | J8: 194504 | K8: =SUM(K9:K32) -> 0.50206112 | L8: =SUM(O8:P8) -> 5843 | M8: =SUM(M9:M32) -> 1 | N8: =L8-'24년 2월'!L8 -> 31 | O8: 3556 | P8: 2287 | Q8: 161711 | R8: =SUM(R9:R32) -> 408 | S8: 2.4 | V8: 386192 | W8: 160562
B9: 조치원읍 | C9: =E9+L9 -> 42605 | D9: =C9/$C$8 -> 0.10833965 | E9: 40835 | F9: =E9/$E$8 -> 0.10540485 | G9: =E9-'24년 2월'!E9 -> -51 | H9: 21213 | I9: =H9/$E$8 -> 0.054755802 | J9: 19622 | K9: =J9/$E$8 -> 0.050649052 | L9: =SUM(O9:P9) -> 1770 | M9: =L9/$L$8 -> 0.30292658 | N9: =L9-'24년 2월'!L9 -> 29 | O9: 921 | P9: 849 | Q9: 20404 | R9: =Q9-'24년 2월'!Q9 -> 87 | S9: 2 | V9: 41784 | W9: 20662
B10: 연기면 | C10: =E10+L10 -> 2533 | D10: =C10/$C$8 -> 0.0064411297 | E10: 2452 | F10: =E10/$E$8 -> 0.0063291956 | G10: =E10-'24년 2월'!E10 -> -21 | H10: 1405 | I10: =H10/$E$8 -> 0.0036266394 | J10: 1047 | K10: =J10/$E$8 -> 0.0027025562 | L10: =SUM(O10:P10) -> 81 | M10: =L10/$L$8 -> 0.013862742 | N10: =L10-'24년 2월'!L10 -> 4 | O10: 51 | P10: 30 | Q10: 1488 | R10: =Q10-'24년 2월'!Q10 -> -2 | S10: 1.65 | V10: 2567 | W10: 1558
B11: 연동면 | C11: =E11+L11 -> 2995 | D11: =C11/$C$8 -> 0.0076159429 | E11: 2801 | F11: =E11/$E$8 -> 0.0072300477 | G11: =E11-'24년 2월'!E11 -> -7 | H11: 1465 | I11: =H11/$E$8 -> 0.0037815137 | J11: 1336 | K11: =J11/$E$8 -> 0.003448534 | L11: =SUM(O11:P11) -> 194 | M11: =L11/$L$8 -> 0.033202122 | N11: =L11-'24년 2월'!L11 -> -2 | O11: 157 | P11: 37 | Q11: 1637 | R11: =Q11-'24년 2월'!Q11 -> -1 | S11: 1.71 | V11: 2905 | W11: 1681
B12: 부강면 | C12: =E12+L12 -> 5824 | D12: =C12/$C$8 -> 0.014809767 | E12: 5512 | F12: =E12/$E$8 -> 0.014227784 | G12: =E12-'24년 2월'!E12 -> -46 | H12: 3038 | I12: =H12/$E$8 -> 0.0078418011 | J12: 2474 | K12: =J12/$E$8 -> 0.0063859828 | L12: =SUM(O12:P12) -> 312 | M12: =L12/$L$8 -> 0.053397227 | N12: =L12-'24년 2월'!L12 -> -2 | O12: 255 | P12: 57 | Q12: 3097 | R12: =Q12-'24년 2월'!Q12 -> -18 | S12: 1.78 | V12: 5701 | W12: 3187
B13: 금남면 | C13: =E13+L13 -> 8648 | D13: =C13/$C$8 -> 0.021990876 | E13: 8367 | F13: =E13/$E$8 -> 0.021597218 | G13: =E13-'24년 2월'!E13 -> -22 | H13: 4482 | I13: =H13/$E$8 -> 0.011569109 | J13: 3885 | K13: =J13/$E$8 -> 0.01002811 | L13: =SUM(O13:P13) -> 281 | M13: =L13/$L$8 -> 0.048091734 | N13: =L13-'24년 2월'!L13 -> -3 | O13: 186 | P13: 95 | Q13: 4767 | R13: =Q13-'24년 2월'!Q13 -> 0 | S13: 1.76 | V13: 8518 | W13: 4795
B14: 장군면 | C14: =E14+L14 -> 7015 | D14: =C14/$C$8 -> 0.017838344 | E14: 6572 | F14: =E14/$E$8 -> 0.016963896 | G14: =E14-'24년 2월'!E14 -> -28 | H14: 3853 | I14: =H14/$E$8 -> 0.0099455101 | J14: 2719 | K14: =J14/$E$8 -> 0.0070183862 | L14: =SUM(O14:P14) -> 443 | M14: =L14/$L$8 -> 0.075817217 | N14: =L14-'24년 2월'!L14 -> -2 | O14: 325 | P14: 118 | Q14: 4114 | R14: =Q14-'24년 2월'!Q14 -> 7 | S14: 1.6 | V14: 6785 | W14: 4218
B15: 연서면 | C15: =E15+L15 -> 7078 | D15: =C15/$C$8 -> 0.017998545 | E15: 6846 | F15: =E15/$E$8 -> 0.017671155 | G15: =E15-'24년 2월'!E15 -> -28 | H15: 3742 | I15: =H15/$E$8 -> 0.0096589926 | J15: 3104 | K15: =J15/$E$8 -> 0.0080121628 | L15: =SUM(O15:P15) -> 232 | M15: =L15/$L$8 -> 0.039705631 | N15: =L15-'24년 2월'!L15 -> 4 | O15: 175 | P15: 57 | Q15: 3711 | R15: =Q15-'24년 2월'!Q15 -> -15 | S15: 1.84 | V15: 7041 | W15: 3821
B16: 전의면 | C16: =E16+L16 -> 5750 | D16: =C16/$C$8 -> 0.014621593 | E16: 5230 | F16: =E16/$E$8 -> 0.013499875 | G16: =E16-'24년 2월'!E16 -> -20 | H16: 2767 | I16: =H16/$E$8 -> 0.0071422856 | J16: 2463 | K16: =J16/$E$8 -> 0.0063575892 | L16: =SUM(O16:P16) -> 520 | M16: =L16/$L$8 -> 0.088995379 | N16: =L16-'24년 2월'!L16 -> -7 | O16: 437 | P16: 83 | Q16: 2952 | R16: =Q16-'24년 2월'!Q16 -> -4 | S16: 1.77 | V16: 5397 | W16: 3039
B17: 전동면 | C17: =E17+L17 -> 3398 | D17: =C17/$C$8 -> 0.0086407258 | E17: 3118 | F17: =E17/$E$8 -> 0.0080483001 | G17: =E17-'24년 2월'!E17 -> -22 | H17: 1663 | I17: =H17/$E$8 -> 0.0042925988 | J17: 1455 | K17: =J17/$E$8 -> 0.0037557013 | L17: =SUM(O17:P17) -> 280 | M17: =L17/$L$8 -> 0.047920589 | N17: =L17-'24년 2월'!L17 -> 9 | O17: 238 | P17: 42 | Q17: 1851 | R17: =Q17-'24년 2월'!Q17 -> -14 | S17: 1.68 | V17: 3214 | W17: 1896
B18: 소정면 | C18: =E18+L18 -> 2390 | D18: =C18/$C$8 -> 0.006077497 | E18: 2095 | F18: =E18/$E$8 -> 0.0054076936 | G18: =E18-'24년 2월'!E18 -> -17 | H18: 1131 | I18: =H18/$E$8 -> 0.0029193802 | J18: 964 | K18: =J18/$E$8 -> 0.0024883134 | L18: =SUM(O18:P18) -> 295 | M18: =L18/$L$8 -> 0.050487763 | N18: =L18-'24년 2월'!L18 -> 3 | O18: 260 | P18: 35 | Q18: 1116 | R18: =Q18-'24년 2월'!Q18 -> -7 | S18: 1.88 | V18: 2187 | W18: 1146
B19: 한솔동1) | C19: =E19+L19 -> 18242 | D19: =C19/$C$8 -> 0.046387322 | E19: 18185 | F19: =E19/$E$8 -> 0.046939813 | G19: =E19-'24년 2월'!E19 -> -31 | H19: 8975 | I19: =H19/$E$8 -> 0.023166611 | J19: 9210 | K19: =J19/$E$8 -> 0.023773202 | L19: =SUM(O19:P19) -> 57 | M19: =L19/$L$8 -> 0.0097552627 | N19: =L19-'24년 2월'!L19 -> -3 | O19: 23 | P19: 34 | Q19: 6337 | R19: =Q19-'24년 2월'!Q19 -> 7 | S19: 2.87 | V19: 18422 | W19: 6404
B20: 새롬동 | C20: =E20+L20 -> 26623 | D20: =C20/$C$8 -> 0.067699248 | E20: 26553 | F20: =E20/$E$8 -> 0.068539613 | G20: =E20-'24년 2월'!E20 -> -78 | H20: 12826 | I20: =H20/$E$8 -> 0.033106959 | J20: 13727 | K20: =J20/$E$8 -> 0.035432654 | L20: =SUM(O20:P20) -> 70 | M20: =L20/$L$8 -> 0.011980147 | N20: =L20-'24년 2월'!L20 -> 0 | O20: 21 | P20: 49 | Q20: 9721 | R20: =Q20-'24년 2월'!Q20 -> -14 | S20: 2.73 | V20: 26600 | W20: 9752
... B32: 다정동 | C32: =E32+L32 -> 28509 | D32: =C32/$C$8 -> 0.07249513 | E32: 28428 | F32: =E32/$E$8 -> 0.073379434 | G32: =E32-'24년 2월'!E32 -> -94 | H32: 13667 | I32: =H32/$E$8 -> 0.03527778 | J32: 14761 | K32: =J32/$E$8 -> 0.038101654 | L32: =SUM(O32:P32) -> 81 | M32: =L32/$L$8 -> 0.013862742 | N32: =L32-'24년 2월'!L32 -> 2 | O32: 28 | P32: 53 | Q32: 10811 | R32: =Q32-'24년 2월'!Q32 -> -15 | S32: 2.63 | V32: 28539 | W32: 10819
B34: 1) 가람동 포함 2) 산울동 포함 3) 집현동, 합강동 포함

Sheet 24년 2월
B2: 2024년 2월 세종특별자치시 인구 현황
B4: 작성기준 : 2024. 2. 29. | T4: (단위 : 명, 세대)
B5: 구 분 | Q5: 세 대 수 | S5: 세대당 인 구 | T5: 비 고
C6: 전체인구 (내국인+ 외국인) | D6: 지역별 전체인구 비율 | E6: 내 국 인 | L6: 외국인 | Q6: 세대수 (외국인제외) | R6: 전월대비 증 감
E7: 내국인 계 | F7: 지역별 내국인 비율 | G7: 전월대비 증 감 | H7: 남 | I7: 구성비(남) (%) | J7: 여 | K7: 구성비(여) (%) | L7: 외국인 계 | M7: 지역별 외국인 비율 | N7: 전월대비 증 감 | O7: 외국인 남 | P7: 외국인 여 | V7: 전월인구수 | W7: 전월세대수
B8: 계 | C8: =SUM(C9:C32) -> 393005 | D8: =SUM(D9:D32) -> 1 | E8: 387193 | F8: =SUM(F9:F32) -> 1 | G8: =SUM(G9:G32) -> 249 | H8: 192836 | I8: =SUM(I9:I32) -> 0.49803586 | J8: 194357 | K8: =SUM(K9:K32) -> 0.50196414 | L8: =SUM(O8:P8) -> 5812 | M8: =SUM(M9:M32) -> 1 | N8: =L8-'24년 1월'!L8 -> 40 | O8: =SUM(O9:O32) -> 3551 | P8: =SUM(P9:P32) -> 2261 | Q8: 161303 | R8: =SUM(R9:R32) -> 361 | S8: 2.4 | V8: 386192 | W8: 160562
B9: 조치원읍 | C9: =E9+L9 -> 42627 | D9: =C9/$C$8 -> 0.10846427 | E9: 40886 | F9: =E9/$E$8 -> 0.10559592 | G9: =E9-'24년 1월'!E9 -> -76 | H9: 21249 | I9: =H9/$E$8 -> 0.054879608 | J9: 19637 | K9: =J9/$E$8 -> 0.050716309 | L9: =SUM(O9:P9) -> 1741 | M9: =L9/$L$8 -> 0.29955265 | N9: =L9-'24년 1월'!L9 -> -23 | O9: 910 | P9: 831 | Q9: 20317 | R9: =Q9-'24년 1월'!Q9 -> 12 | S9: 2.01 | V9: 41784 | W9: 20662
B10: 연기면 | C10: =E10+L10 -> 2550 | D10: =C10/$C$8 -> 0.0064884671 | E10: 2473 | F10: =E10/$E$8 -> 0.0063869956 | G10: =E10-'24년 1월'!E10 -> -4 | H10: 1407 | I10: =H10/$E$8 -> 0.0036338467 | J10: 1066 | K10: =J10/$E$8 -> 0.0027531489 | L10: =SUM(O10:P10) -> 77 | M10: =L10/$L$8 -> 0.013248451 | N10: =L10-'24년 1월'!L10 -> -4 | O10: 46 | P10: 31 | Q10: 1490 | R10: =Q10-'24년 1월'!Q10 -> 3 | S10: 1.66 | V10: 2567 | W10: 1558
B11: 연동면 | C11: =E11+L11 -> 3004 | D11: =C11/$C$8 -> 0.0076436687 | E11: 2808 | F11: =E11/$E$8 -> 0.0072521972 | G11: =E11-'24년 1월'!E11 -> -14 | H11: 1468 | I11: =H11/$E$8 -> 0.0037913909 | J11: 1340 | K11: =J11/$E$8 -> 0.0034608064 | L11: =SUM(O11:P11) -> 196 | M11: =L11/$L$8 -> 0.033723331 | N11: =L11-'24년 1월'!L11 -> 1 | O11: 156 | P11: 40 | Q11: 1638 | R11: =Q11-'24년 1월'!Q11 -> -11 | S11: 1.71 | V11: 2905 | W11: 1681
B12: 부강면 | C12: =E12+L12 -> 5872 | D12: =C12/$C$8 -> 0.014941286 | E12: 5558 | F12: =E12/$E$8 -> 0.014354598 | G12: =E12-'24년 1월'!E12 -> -24 | H12: 3065 | I12: =H12/$E$8 -> 0.0079159489 | J12: 2493 | K12: =J12/$E$8 -> 0.0064386495 | L12: =SUM(O12:P12) -> 314 | M12: =L12/$L$8 -> 0.054026153 | N12: =L12-'24년 1월'!L12 -> 3 | O12: 259 | P12: 55 | Q12: 3115 | R12: =Q12-'24년 1월'!Q12 -> -9 | S12: 1.78 | V12: 5701 | W12: 3187
B13: 금남면 | C13: =E13+L13 -> 8673 | D13: =C13/$C$8 -> 0.022068422 | E13: 8389 | F13: =E13/$E$8 -> 0.021666197 | G13: =E13-'24년 1월'!E13 -> -2 | H13: 4502 | I13: =H13/$E$8 -> 0.011627276 | J13: 3887 | K13: =J13/$E$8 -> 0.010038921 | L13: =SUM(O13:P13) -> 284 | M13: =L13/$L$8 -> 0.048864418 | N13: =L13-'24년 1월'!L13 -> -8 | O13: 189 | P13: 95 | Q13: 4767 | R13: =Q13-'24년 1월'!Q13 -> 2 | S13: 1.76 | V13: 8518 | W13: 4795
B14: 장군면 | C14: =E14+L14 -> 7045 | D14: =C14/$C$8 -> 0.017925981 | E14: 6600 | F14: =E14/$E$8 -> 0.017045763 | G14: =E14-'24년 1월'!E14 -> 20 | H14: 3876 | I14: =H14/$E$8 -> 0.010010512 | J14: 2724 | K14: =J14/$E$8 -> 0.0070352512 | L14: =SUM(O14:P14) -> 445 | M14: =L14/$L$8 -> 0.076565726 | N14: =L14-'24년 1월'!L14 -> -14 | O14: 325 | P14: 120 | Q14: 4107 | R14: =Q14-'24년 1월'!Q14 -> 13 | S14: 1.61 | V14: 6785 | W14: 4218
B15: 연서면 | C15: =E15+L15 -> 7102 | D15: =C15/$C$8 -> 0.018071017 | E15: 6874 | F15: =E15/$E$8 -> 0.01775342 | G15: =E15-'24년 1월'!E15 -> -8 | H15: 3764 | I15: =H15/$E$8 -> 0.0097212501 | J15: 3110 | K15: =J15/$E$8 -> 0.00803217 | L15: =SUM(O15:P15) -> 228 | M15: =L15/$L$8 -> 0.039229181 | N15: =L15-'24년 1월'!L15 -> -2 | O15: 174 | P15: 54 | Q15: 3726 | R15: =Q15-'24년 1월'!Q15 -> 5 | S15: 1.84 | V15: 7041 | W15: 3821
B16: 전의면 | C16: =E16+L16 -> 5777 | D16: =C16/$C$8 -> 0.014699559 | E16: 5250 | F16: =E16/$E$8 -> 0.013559129 | G16: =E16-'24년 1월'!E16 -> -14 | H16: 2781 | I16: =H16/$E$8 -> 0.0071824646 | J16: 2469 | K16: =J16/$E$8 -> 0.0063766649 | L16: =SUM(O16:P16) -> 527 | M16: =L16/$L$8 -> 0.090674467 | N16: =L16-'24년 1월'!L16 -> -1 | O16: 443 | P16: 84 | Q16: 2956 | R16: =Q16-'24년 1월'!Q16 -> -6 | S16: 1.78 | V16: 5397 | W16: 3039
B17: 전동면 | C17: =E17+L17 -> 3411 | D17: =C17/$C$8 -> 0.0086792789 | E17: 3140 | F17: =E17/$E$8 -> 0.0081096507 | G17: =E17-'24년 1월'!E17 -> -3 | H17: 1677 | I17: =H17/$E$8 -> 0.0043311733 | J17: 1463 | K17: =J17/$E$8 -> 0.0037784774 | L17: =SUM(O17:P17) -> 271 | M17: =L17/$L$8 -> 0.046627667 | N17: =L17-'24년 1월'!L17 -> 18 | O17: 230 | P17: 41 | Q17: 1865 | R17: =Q17-'24년 1월'!Q17 -> -2 | S17: 1.68 | V17: 3214 | W17: 1896
B18: 소정면 | C18: =E18+L18 -> 2404 | D18: =C18/$C$8 -> 0.0061169705 | E18: 2112 | F18: =E18/$E$8 -> 0.0054546441 | G18: =E18-'24년 1월'!E18 -> -17 | H18: 1140 | I18: =H18/$E$8 -> 0.0029442681 | J18: 972 | K18: =J18/$E$8 -> 0.002510376 | L18: =SUM(O18:P18) -> 292 | M18: =L18/$L$8 -> 0.050240881 | N18: =L18-'24년 1월'!L18 -> 3 | O18: 259 | P18: 33 | Q18: 1123 | R18: =Q18-'24년 1월'!Q18 -> -1 | S18: 1.88 | V18: 2187 | W18: 1146
B19: 한솔동1) | C19: =E19+L19 -> 18276 | D19: =C19/$C$8 -> 0.046503225 | E19: 18216 | F19: =E19/$E$8 -> 0.047046305 | G19: =E19-'24년 1월'!E19 -> -81 | H19: 8996 | I19: =H19/$E$8 -> 0.023233891 | J19: 9220 | K19: =J19/$E$8 -> 0.023812414 | L19: =SUM(O19:P19) -> 60 | M19: =L19/$L$8 -> 0.010323469 | N19: =L19-'24년 1월'!L19 -> -2 | O19: 24 | P19: 36 | Q19: 6330 | R19: =Q19-'24년 1월'!Q19 -> -19 | S19: 2.88 | V19: 18422 | W19: 6404
B20: 새롬동 | C20: =E20+L20 -> 26701 | D20: =C20/$C$8 -> 0.067940611 | E20: 26631 | F20: =E20/$E$8 -> 0.068779653 | G20: =E20-'24년 1월'!E20 -> 16 | H20: 12858 | I20: =H20/$E$8 -> 0.033208245 | J20: 13773 | K20: =J20/$E$8 -> 0.035571408 | L20: =SUM(O20:P20) -> 70 | M20: =L20/$L$8 -> 0.012044047 | N20: =L20-'24년 1월'!L20 -> 2 | O20: 21 | P20: 49 | Q20: 9735 | R20: =Q20-'24년 1월'!Q20 -> -5 | S20: 2.74 | V20: 26600 | W20: 9752
... B32: 다정동 | C32: =E32+L32 -> 28601 | D32: =C32/$C$8 -> 0.072775156 | E32: 28522 | F32: =E32/$E$8 -> 0.073663522 | G32: =E32-'24년 1월'!E32 -> -62 | H32: 13699 | I32: =H32/$E$8 -> 0.035380288 | J32: 14823 | K32: =J32/$E$8 -> 0.038283233 | L32: =SUM(O32:P32) -> 79 | M32: =L32/$L$8 -> 0.013592567 | N32: =L32-'24년 1월'!L32 -> 0 | O32: 28 | P32: 51 | Q32: 10826 | R32: =Q32-'24년 1월'!Q32 -> 9 | S32: 2.63 | V32: 28539 | W32: 10819
B34: 1) 가람동 포함 2) 산울동 포함 3) 집현동,합강동 포함

Sheet 24년 1월
B2: 2024년 1월 세종특별자치시 인구 현황
B4: 작성기준 : 2024. 1. 31. | T4: (단위 : 명, 세대)
B5: 구 분 | Q5: 세 대 수 | S5: 세대당 인 구 | T5: 비 고
C6: 전체인구 (내국인+ 외국인) | D6: 지역별 전체인구 비율 | E6: 내 국 인 | L6: 외국인 | Q6: 세대수 (외국인제외) | R6: 전월대비 증 감
E7: 내국인 계 | F7: 지역별 내국인 비율 | G7: 전월대비 증 감 | H7: 남 | I7: 구성비(남) (%) | J7: 여 | K7: 구성비(여) (%) | L7: 외국인 계 | M7: 지역별 외국인 비율 | N7: 전월대비 증 감 | O7: 외국인 남 | P7: 외국인 여 | V7: 전월인구수 | W7: 전월세대수
B8: 계 | C8: =SUM(C9:C32) -> 392716 | D8: =SUM(D9:D32) -> 1 | E8: 386944 | F8: =SUM(F9:F32) -> 1 | G8: =SUM(G9:G32) -> #REF! | H8: 192704 | I8: =SUM(I9:I32) -> 0.49801522 | J8: 194240 | K8: =SUM(K9:K32) -> 0.50198478 | L8: =SUM(O8:P8) -> 5772 | M8: =SUM(M9:M32) -> 1 | N8: =L8-#REF! -> #REF! | O8: =SUM(O9:O32) -> 3528 | P8: =SUM(P9:P32) -> 2244 | Q8: 160942 | R8: =SUM(R9:R32) -> #REF! | S8: 2.4 | V8: 386192 | W8: 160562
B9: 조치원읍 | C9: =E9+L9 -> 42726 | D9: =C9/$C$8 -> 0.10879618 | E9: 40962 | F9: =E9/$E$8 -> 0.10586028 | G9: =E9-#REF! -> #REF! | H9: 21298 | I9: =H9/$E$8 -> 0.055041556 | J9: 19664 | K9: =J9/$E$8 -> 0.050818723 | L9: =SUM(O9:P9) -> 1764 | M9: =L9/$L$8 -> 0.30561331 | N9: =L9-#REF! -> #REF! | O9: 917 | P9: 847 | Q9: 20305 | R9: =Q9-#REF! -> #REF! | S9: 2.02 | V9: 41784 | W9: 20662
B10: 연기면 | C10: =E10+L10 -> 2558 | D10: =C10/$C$8 -> 0.0065136129 | E10: 2477 | F10: =E10/$E$8 -> 0.0064014431 | G10: =E10-#REF! -> #REF! | H10: 1412 | I10: =H10/$E$8 -> 0.0036491068 | J10: 1065 | K10: =J10/$E$8 -> 0.0027523363 | L10: =SUM(O10:P10) -> 81 | M10: =L10/$L$8 -> 0.014033264 | N10: =L10-#REF! -> #REF! | O10: 50 | P10: 31 | Q10: 1487 | R10: =Q10-#REF! -> #REF! | S10: 1.67 | V10: 2567 | W10: 1558
B11: 연동면 | C11: =E11+L11 -> 3017 | D11: =C11/$C$8 -> 0.0076823964 | E11: 2822 | F11: =E11/$E$8 -> 0.007293045 | G11: =E11-#REF! -> #REF! | H11: 1477 | I11: =H11/$E$8 -> 0.0038170898 | J11: 1345 | K11: =J11/$E$8 -> 0.0034759552 | L11: =SUM(O11:P11) -> 195 | M11: =L11/$L$8 -> 0.033783784 | N11: =L11-#REF! -> #REF! | O11: 155 | P11: 40 | Q11: 1649 | R11: =Q11-#REF! -> #REF! | S11: 1.71 | V11: 2905 | W11: 1681
B12: 부강면 | C12: =E12+L12 -> 5893 | D12: =C12/$C$8 -> 0.015005755 | E12: 5582 | F12: =E12/$E$8 -> 0.01442586 | G12: =E12-#REF! -> #REF! | H12: 3075 | I12: =H12/$E$8 -> 0.0079468864 | J12: 2507 | K12: =J12/$E$8 -> 0.0064789737 | L12: =SUM(O12:P12) -> 311 | M12: =L12/$L$8 -> 0.053880804 | N12: =L12-#REF! -> #REF! | O12: 257 | P12: 54 | Q12: 3124 | R12: =Q12-#REF! -> #REF! | S12: 1.79 | V12: 5701 | W12: 3187
B13: 금남면 | C13: =E13+L13 -> 8683 | D13: =C13/$C$8 -> 0.022110125 | E13: 8391 | F13: =E13/$E$8 -> 0.021685308 | G13: =E13-#REF! -> #REF! | H13: 4496 | I13: =H13/$E$8 -> 0.011619252 | J13: 3895 | K13: =J13/$E$8 -> 0.010066056 | L13: =SUM(O13:P13) -> 292 | M13: =L13/$L$8 -> 0.050589051 | N13: =L13-#REF! -> #REF! | O13: 195 | P13: 97 | Q13: 4765 | R13: =Q13-#REF! -> #REF! | S13: 1.76 | V13: 8518 | W13: 4795
B14: 장군면 | C14: =E14+L14 -> 7039 | D14: =C14/$C$8 -> 0.017923894 | E14: 6580 | F14: =E14/$E$8 -> 0.017005045 | G14: =E14-#REF! -> #REF! | H14: 3862 | I14: =H14/$E$8 -> 0.0099807724 | J14: 2718 | K14: =J14/$E$8 -> 0.0070242722 | L14: =SUM(O14:P14) -> 459 | M14: =L14/$L$8 -> 0.07952183 | N14: =L14-#REF! -> #REF! | O14: 332 | P14: 127 | Q14: 4094 | R14: =Q14-#REF! -> #REF! | S14: 1.61 | V14: 6785 | W14: 4218
B15: 연서면 | C15: =E15+L15 -> 7112 | D15: =C15/$C$8 -> 0.018109779 | E15: 6882 | F15: =E15/$E$8 -> 0.017785519 | G15: =E15-#REF! -> #REF! | H15: 3771 | I15: =H15/$E$8 -> 0.0097455963 | J15: 3111 | K15: =J15/$E$8 -> 0.0080399231 | L15: =SUM(O15:P15) -> 230 | M15: =L15/$L$8 -> 0.03984754 | N15: =L15-#REF! -> #REF! | O15: 175 | P15: 55 | Q15: 3721 | R15: =Q15-#REF! -> #REF! | S15: 1.85 | V15: 7041 | W15: 3821
B16: 전의면 | C16: =E16+L16 -> 5792 | D16: =C16/$C$8 -> 0.014748571 | E16: 5264 | F16: =E16/$E$8 -> 0.013604036 | G16: =E16-#REF! -> #REF! | H16: 2788 | I16: =H16/$E$8 -> 0.007205177 | J16: 2476 | K16: =J16/$E$8 -> 0.0063988587 | L16: =SUM(O16:P16) -> 528 | M16: =L16/$L$8 -> 0.091476091 | N16: =L16-#REF! -> #REF! | O16: 444 | P16: 84 | Q16: 2962 | R16: =Q16-#REF! -> #REF! | S16: 1.78 | V16: 5397 | W16: 3039
B17: 전동면 | C17: =E17+L17 -> 3396 | D17: =C17/$C$8 -> 0.0086474704 | E17: 3143 | F17: =E17/$E$8 -> 0.0081226224 | G17: =E17-#REF! -> #REF! | H17: 1684 | I17: =H17/$E$8 -> 0.0043520509 | J17: 1459 | K17: =J17/$E$8 -> 0.0037705715 | L17: =SUM(O17:P17) -> 253 | M17: =L17/$L$8 -> 0.043832294 | N17: =L17-#REF! -> #REF! | O17: 211 | P17: 42 | Q17: 1867 | R17: =Q17-#REF! -> #REF! | S17: 1.68 | V17: 3214 | W17: 1896
B18: 소정면 | C18: =E18+L18 -> 2418 | D18: =C18/$C$8 -> 0.0061571212 | E18: 2129 | F18: =E18/$E$8 -> 0.0055020882 | G18: =E18-#REF! -> #REF! | H18: 1148 | I18: =H18/$E$8 -> 0.0029668376 | J18: 981 | K18: =J18/$E$8 -> 0.0025352506 | L18: =SUM(O18:P18) -> 289 | M18: =L18/$L$8 -> 0.0500693 | N18: =L18-#REF! -> #REF! | O18: 257 | P18: 32 | Q18: 1124 | R18: =Q18-#REF! -> #REF! | S18: 1.89 | V18: 2187 | W18: 1146
B19: 한솔동1) | C19: =E19+L19 -> 18359 | D19: =C19/$C$8 -> 0.046748796 | E19: 18297 | F19: =E19/$E$8 -> 0.047285912 | G19: =E19-#REF! -> #REF! | H19: 9042 | I19: =H19/$E$8 -> 0.023367722 | J19: 9255 | K19: =J19/$E$8 -> 0.02391819 | L19: =SUM(O19:P19) -> 62 | M19: =L19/$L$8 -> 0.010741511 | N19: =L19-#REF! -> #REF! | O19: 25 | P19: 37 | Q19: 6349 | R19: =Q19-#REF! -> #REF! | S19: 2.88 | V19: 18422 | W19: 6404
B20: 새롬동 | C20: =E20+L20 -> 26683 | D20: =C20/$C$8 -> 0.067944774 | E20: 26615 | F20: =E20/$E$8 -> 0.068782563 | G20: =E20-#REF! -> #REF! | H20: 12853 | I20: =H20/$E$8 -> 0.033216693 | J20: 13762 | K20: =J20/$E$8 -> 0.03556587 | L20: =SUM(O20:P20) -> 68 | M20: =L20/$L$8 -> 0.011781012 | N20: =L20-#REF! -> #REF! | O20: 19 | P20: 49 | Q20: 9740 | R20: =Q20-#REF! -> #REF! | S20: 2.73 | V20: 26600 | W20: 9752
... B32: 다정동 | C32: =E32+L32 -> 28663 | D32: =C32/$C$8 -> 0.072986586 | E32: 28584 | F32: =E32/$E$8 -> 0.073871154 | G32: =E32-#REF! -> #REF! | H32: 13714 | I32: =H32/$E$8 -> 0.035441821 | J32: 14870 | K32: =J32/$E$8 -> 0.038429333 | L32: =SUM(O32:P32) -> 79 | M32: =L32/$L$8 -> 0.013686764 | N32: =L32-#REF! -> #REF! | O32: 29 | P32: 50 | Q32: 10817 | R32: =Q32-#REF! -> #REF! | S32: 2.64 | V32: 28539 | W32: 10819
B34: 1) 가람동 포함 2) 산울동 포함 3) 집현동,합강동 포함

Sheet 23년 9월 (2)
B2: 2023년 9월 세종특별자치시 인구 현황
B4: 작성기준 : 2023. 9. 31. | T4: (단위 : 명, 세대)
B5: 구 분 | Q5: 세 대 수 | S5: 세대당 인 구 | T5: 비 고
C6: 전체인구 (내국인+ 외국인) | D6: 지역별 전체인구 비율 | E6: 내 국 인 | L6: 외국인 | Q6: 세대수 (외국인제외) | R6: 전월대비 증 감
E7: 내국인 계 | F7: 지역별 내국인 비율 | G7: 전월대비 증 감 | H7: 남 | I7: 구성비(남) (%) | J7: 여 | K7: 구성비(여) (%) | L7: 외국인 계 | M7: 지역별 외국인 비율 | N7: 전월대비 증 감 | O7: 외국인 남 | P7: 외국인 여 | V7: 전월인구수 | W7: 전월세대수
B8: 9 | C8: 391754 | D8: 1 | E8: 385932 | F8: 1 | G8: -21 | H8: 192246 | I8: 0.49813439 | J8: 193686 | K8: 0.50186561 | L8: 5822 | M8: 1 | N8: 264 | O8: 3552 | P8: 2270 | Q8: 160479 | R8: 40 | S8: 2.4 | V8: 386192 | W8: 160562
B9: 8 | C9: 391511 | D9: 1 | E9: 385953 | F9: 1 | G9: -239 | H9: 192271 | I9: 49.82 | J9: 193682 | K9: 50.18 | L9: 5558 | M9: 1 | N9: 4 | O9: 3377 | P9: 2181 | Q9: 160439 | R9: -123 | S9: 2.41 | V9: 386192 | W9: 160562
B10: 7 | C10: 391746 | D10: 1 | E10: 386192 | F10: 1 | G10: 66 | H10: 192449 | I10: 0.49832467 | J10: 193743 | K10: 0.50167533 | L10: 5554 | M10: 1 | N10: 68 | O10: 3374 | P10: 2180 | Q10: 160562 | R10: -53 | S10: 2.4 | V10: 391612 | W10: 160615
B11: 6 | C11: 391612 | D11: 1 | E11: 386126 | F11: 1 | G11: 76 | H11: 192435 | I11: 0.49837359 | J11: 193691 | K11: 0.50162641 | L11: 5486 | M11: 133.80488 | N11: 41 | O11: 3300 | P11: 2186 | Q11: 160615 | R11: 11 | S11: 2.4 | V11: 386050 | W11: 160604
B12: 5 | C12: 391495 | D12: 1 | E12: 386050 | F12: 1 | G12: 225 | H12: 192393 | I12: 0.49836291 | J12: 193657 | K12: 0.50163709 | L12: 5445 | M12: 1 | N12: 3 | O12: 3276 | P12: 2169 | Q12: 160604 | R12: 130 | S12: 2.4 | V12: 385825 | W12: 160474
B13: 4 | C13: 391267 | D13: 0.92675334 | E13: 385825 | F13: 1 | G13: 216 | H13: 192316 | I13: 0.49845396 | J13: 193509 | K13: 0.50154604 | L13: 5442 | M13: 1 | N13: 8 | O13: 3258 | P13: 2184 | Q13: 160474 | R13: 154 | S13: 2.4 | V13: 385609 | W13: 160320
B14: 3 | C14: 391043 | D14: 1 | E14: 385609 | F14: 1 | G14: 324 | H14: 192212 | I14: 0.49846347 | J14: 193397 | K14: 0.50153653 | L14: 5434 | M14: 1 | N14: 85 | O14: 3255 | P14: 2179 | Q14: 160320 | R14: 308 | S14: 2.41
B15: 2 | C15: 390634 | D15: 1 | E15: 385285 | F15: 1 | G15: 789 | H15: 192110 | I15: 0.49861791 | J15: 193175 | K15: 0.50138209 | L15: 5349 | M15: 1 | N15: 71 | O15: 3217 | P15: 2132 | Q15: 160012 | R15: 456 | S15: 2.41
B16: 1 | C16: 389774 | D16: 1 | E16: 384496 | F16: 1 | G16: 905 | H16: 191769 | I16: 0.49875421 | J16: 192727 | K16: 0.50124579 | L16: 5278 | M16: 1 | N16: -58 | O16: 3171 | P16: 2107 | Q16: 159556 | R16: 170 | S16: 2.41
B17: 소정면 | C17: =E17+L17 -> 2421 | D17: =C17/$C$8 -> 0.0061798986 | E17: 2154 | F17: =E17/$E$8 -> 0.0055812941 | G17: =E17-#REF! -> #REF! | H17: 1153 | I17: =H17/$E$8 -> 0.0029875729 | J17: 1001 | K17: =J17/$E$8 -> 0.0025937212 | L17: =SUM(O17:P17) -> 267 | M17: =L17/$L$8 -> 0.045860529 | N17: =L17-#REF! -> #REF! | O17: 231 | P17: 36 | Q17: 1135 | R17: =Q17-#REF! -> #REF! | S17: 1.9 | V17: 2187 | W17: 1146
B18: 한솔동1) | C18: =E18+L18 -> 18420 | D18: =C18/$C$8 -> 0.047019303 | E18: 18358 | F18: =E18/$E$8 -> 0.047567965 | G18: =E18-#REF! -> #REF! | H18: 9064 | I18: =H18/$E$8 -> 0.023486003 | J18: 9294 | K18: =J18/$E$8 -> 0.024081963 | L18: =SUM(O18:P18) -> 62 | M18: =L18/$L$8 -> 0.010649261 | N18: =L18-#REF! -> #REF! | O18: 26 | P18: 36 | Q18: 6386 | R18: =Q18-#REF! -> #REF! | S18: 2.87 | V18: 18422 | W18: 6404
B19: 새롬동 | C19: =E19+L19 -> 26724 | D19: =C19/$C$8 -> 0.068216279 | E19: 26653 | F19: =E19/$E$8 -> 0.069061389 | G19: =E19-#REF! -> #REF! | H19: 12872 | I19: =H19/$E$8 -> 0.033353026 | J19: 13781 | K19: =J19/$E$8 -> 0.035708363 | L19: =SUM(O19:P19) -> 71 | M19: =L19/$L$8 -> 0.012195122 | N19: =L19-#REF! -> #REF! | O19: 22 | P19: 49 | Q19: 9770 | R19: =Q19-#REF! -> #REF! | S19: 2.73 | V19: 26600 | W19: 9752
B20: 나성동 | C20: =E20+L20 -> 13470 | D20: =C20/$C$8 -> 0.034383823 | E20: 13332 | F20: =E20/$E$8 -> 0.034544946 | G20: =E20-#REF! -> #REF! | H20: 6541 | I20: =H20/$E$8 -> 0.016948582 | J20: 6791 | K20: =J20/$E$8 -> 0.017596364 | L20: =SUM(O20:P20) -> 138 | M20: =L20/$L$8 -> 0.023703195 | N20: =L20-#REF! -> #REF! | O20: 65 | P20: 73 | Q20: 6033 | R20: =Q20-#REF! -> #REF! | S20: 2.21 | V20: 13375 | W20: 6073
B21: 도담동 | C21: =E21+L21 -> 25598 | D21: =C21/$C$8 -> 0.065342026 | E21: 25450 | F21: =E21/$E$8 -> 0.06594426 | G21: =E21-#REF! -> #REF! | H21: 12141 | I21: =H21/$E$8 -> 0.03145891 | J21: 13309 | K21: =J21/$E$8 -> 0.03448535 | L21: =SUM(O21:P21) -> 148 | M21: =L21/$L$8 -> 0.025420818 | N21: =L21-#REF! -> #REF! | O21: 54 | P21: 94 | Q21: 10306 | R21: =Q21-#REF! -> #REF! | S21: 2.47 | V21: 25473 | W21: 10280
B22: 어진동 | C22: =E22+L22 -> 11252 | D22: =C22/$C$8 -> 0.028722106 | E22: 11200 | F22: =E22/$E$8 -> 0.029020656 | G22: =E22-#REF! -> #REF! | H22: 5515 | I22: =H22/$E$8 -> 0.014290082 | J22: 5685 | K22: =J22/$E$8 -> 0.014730574 | L22: =SUM(O22:P22) -> 52 | M22: =L22/$L$8 -> 0.0089316386 | N22: =L22-#REF! -> #REF! | O22: 24 | P22: 28 | Q22: 5307 | R22: =Q22-#REF! -> #REF! | S22: 2.11 | V22: 11235 | W22: 5323
B23: 해밀동2) | C23: =E23+L23 -> 9021 | D23: =C23/$C$8 -> 0.023027206 | E23: 8959 | F23: =E23/$E$8 -> 0.023213934 | G23: =E23-#REF! -> #REF! | H23: 4352 | I23: =H23/$E$8 -> 0.011276598 | J23: 4607 | K23: =J23/$E$8 -> 0.011937336 | L23: =SUM(O23:P23) -> 62 | M23: =L23/$L$8 -> 0.010649261 | N23: =L23-#REF! -> #REF! | O23: 44 | P23: 18 | Q23: 3149 | R23: =Q23-#REF! -> #REF! | S23: 2.85 | V23: 8925 | W23: 3139
B24: 아름동 | C24: =E24+L24 -> 23711 | D24: =C24/$C$8 -> 0.060525228 | E24: 23649 | F24: =E24/$E$8 -> 0.061277634 | G24: =E24-#REF! -> #REF! | H24: 11694 | I24: =H24/$E$8 -> 0.030300675 | J24: 11955 | K24: =J24/$E$8 -> 0.03097696 | L24: =SUM(O24:P24) -> 62 | M24: =L24/$L$8 -> 0.010649261 | N24: =L24-#REF! -> #REF! | O24: 22 | P24: 40 | Q24: 7966 | R24: =Q24-#REF! -> #REF! | S24: 2.97 | V24: 23623 | W24: 7957
B25: 종촌동 | C25: =E25+L25 -> 28554 | D25: =C25/$C$8 -> 0.072887577 | E25: 28435 | F25: =E25/$E$8 -> 0.073678783 | G25: =E25-#REF! -> #REF! | H25: 13843 | I25: =H25/$E$8 -> 0.035869013 | J25: 14592 | K25: =J25/$E$8 -> 0.03780977 | L25: =SUM(O25:P25) -> 119 | M25: =L25/$L$8 -> 0.020439711 | N25: =L25-#REF! -> #REF! | O25: 32 | P25: 87 | Q25: 10841 | R25: =Q25-#REF! -> #REF! | S25: 2.62 | V25: 28470 | W25: 10826
B26: 고운동 | C26: =E26+L26 -> 35438 | D26: =C26/$C$8 -> 0.090459829 | E26: 35312 | F26: =E26/$E$8 -> 0.091497984 | G26: =E26-#REF! -> #REF! | H26: 17293 | I26: =H26/$E$8 -> 0.044808412 | J26: 18019 | K26: =J26/$E$8 -> 0.046689572 | L26: =SUM(O26:P26) -> 126 | M26: =L26/$L$8 -> 0.021642047 | N26: =L26-#REF! -> #REF! | O26: 42 | P26: 84 | Q26: 12464 | R26: =Q26-#REF! -> #REF! | S26: 2.83 | V26: 35257 | W26: 12436
B27: 소담동 | C27: =E27+L27 -> 22128 | D27: =C27/$C$8 -> 0.056484426 | E27: 21936 | F27: =E27/$E$8 -> 0.056839029 | G27: =E27-#REF! -> #REF! | H27: 10668 | I27: =H27/$E$8 -> 0.027642175 | J27: 11268 | K27: =J27/$E$8 -> 0.029196853 | L27: =SUM(O27:P27) -> 192 | M27: =L27/$L$8 -> 0.032978358 | N27: =L27-#REF! -> #REF! | O27: 76 | P27: 116 | Q27: 8430 | R27: =Q27-#REF! -> #REF! | S27: 2.6 | V27: 21830 | W27: 8390
B28: 반곡동3) | C28: =E28+L28 -> 28408 | D28: =C28/$C$8 -> 0.072514895 | E28: 28153 | F28: =E28/$E$8 -> 0.072948084 | G28: =E28-#REF! -> #REF! | H28: 13822 | I28: =H28/$E$8 -> 0.035814599 | J28: 14331 | K28: =J28/$E$8 -> 0.037133485 | L28: =SUM(O28:P28) -> 255 | M28: =L28/$L$8 -> 0.043799382 | N28: =L28-#REF! -> #REF! | O28: 131 | P28: 124 | Q28: 11831 | R28: =Q28-#REF! -> #REF! | S28: 2.38 | V28: 28108 | W28: 11868
... B31: 다정동 | C31: =E31+L31 -> 28658 | D31: =C31/$C$8 -> 0.07315305 | E31: 28582 | F31: =E31/$E$8 -> 0.074059679 | G31: =E31-#REF! -> #REF! | H31: 13719 | I31: =H31/$E$8 -> 0.035547713 | J31: 14863 | K31: =J31/$E$8 -> 0.038511966 | L31: =SUM(O31:P31) -> 76 | M31: =L31/$L$8 -> 0.013053933 | N31: =L31-#REF! -> #REF! | O31: 27 | P31: 49 | Q31: 10829 | R31: =Q31-#REF! -> #REF! | S31: 2.64 | V31: 28539 | W31: 10819
B33: 1) 가람동 포함 2) 산울동 포함 3) 집현동,합강동 포함

Sheet Sheet1
B3: 계 | C3: 391754 | D3: 1 | E3: 385932 | F3: 1 | G3: -21 | H3: 192246 | I3: 0.49813439 | J3: 193686 | K3: 0.50186561 | L3: 5822 | M3: 1 | N3: 264 | O3: 3552 | P3: 2270 | Q3: 160479 | R3: 40 | S3: 2.4 | V3: 386192 | W3: 160562
